{"cameraMode":{"drawMode":0,"name":"Shaded","section":"Shading Mode"},"sceneLighting":false,"audioPlay":false,"sceneViewState":{"showFog":true,"showMaterialUpdate":true,"showSkybox":false,"showFlares":true,"showImageEffects":true,"showParticleSystems":true},"in2DMode":false,"pivot":{"x":48.893619537353519,"y":-5.5221710205078129,"z":-0.188812255859375},"rotation":{"x":-0.01230928860604763,"y":-0.0009040418663062155,"z":0.00001299487666983623,"w":-0.9999293088912964},"size":265.9560852050781,"orthographic":false}