{"cameraMode":{"drawMode":0,"name":"Shaded","section":"Shading Mode"},"sceneLighting":false,"audioPlay":false,"sceneViewState":{"showFog":true,"showMaterialUpdate":true,"showSkybox":false,"showFlares":true,"showImageEffects":true,"showParticleSystems":true},"in2DMode":false,"pivot":{"x":698.3177490234375,"y":297.53179931640627,"z":73.61907958984375},"rotation":{"x":-0.08719871938228607,"y":-0.009894383139908314,"z":0.0008878520457074046,"w":-0.9962078332901001},"size":978.647705078125,"orthographic":false}