{"cameraMode":{"drawMode":0,"name":"Shaded","section":"Shading Mode"},"sceneLighting":false,"audioPlay":false,"sceneViewState":{"showFog":true,"showMaterialUpdate":true,"showSkybox":false,"showFlares":true,"showImageEffects":true,"showParticleSystems":true},"in2DMode":false,"pivot":{"x":3.167191505432129,"y":-1.616750717163086,"z":-3.947612762451172},"rotation":{"x":-0.1569487750530243,"y":-0.32178881764411929,"z":0.054182250052690509,"w":-0.9321456551551819},"size":20.940778732299806,"orthographic":false}