{"cameraMode":{"drawMode":0,"name":"Shaded","section":"Shading Mode"},"sceneLighting":false,"audioPlay":false,"sceneViewState":{"showFog":true,"showMaterialUpdate":true,"showSkybox":false,"showFlares":true,"showImageEffects":true,"showParticleSystems":true},"in2DMode":false,"pivot":{"x":-2.4049999713897707,"y":-2.5220000743865969,"z":-6.076000213623047},"rotation":{"x":-0.25822460651397707,"y":-0.10641413182020188,"z":0.02860560268163681,"w":-0.9598181843757629},"size":3.2333266735076906,"orthographic":false}