{"cameraMode":{"drawMode":0,"name":"Shaded","section":"Shading Mode"},"sceneLighting":false,"audioPlay":false,"sceneViewState":{"showFog":true,"showMaterialUpdate":true,"showSkybox":false,"showFlares":true,"showImageEffects":true,"showParticleSystems":true},"in2DMode":false,"pivot":{"x":-2.4049999713897707,"y":-2.5220000743865969,"z":-6.076000213623047},"rotation":{"x":-0.0063096871599555019,"y":-0.00691257743164897,"z":0.000013985982150188647,"w":-0.9999911785125732},"size":3.2333266735076906,"orthographic":false}